"WORKER_ID";"WORKER_NAME";"WORKER_AGE";"WORKER_SALARY"
"w_03c6c5f8-e9e5-4ff3-a961-dc5be24b2454";"Teddy Holland";"33";"6346.764370967068"
"w_137b20b4-0b2a-4a83-8dac-47a7e42c1843";"Randy Youssefi";"48";"6913.669081922864"
"w_235ba7e9-2fb2-495f-88c4-e9d58cc94ecc";"Harry Strachan";"31";"5634.34328537364"
"w_24544d0b-7f4f-49a6-98ee-9e478afb3e52";"Angela Wyatt";"20";"7362.721505947715"
"w_2ed10b2f-1055-45d9-b38f-6e86e9e31060";"Gary Antoine";"53";"6821.876958814508"
"w_338bef2e-ea8e-430e-af56-326d79d8ea69";"Cindy Spruill";"51";"6284.145718735111"
"w_393f47c6-7d57-43cb-8434-fc7ed2b34f6c";"Jeannie Hogan";"61";"7523.538159027381"
"w_3ac4a14c-29bd-4fe1-8ac7-4f5c5f92cf7b";"Noel Spaulding";"35";"5903.129139467834"
"w_3d599b51-c04b-413d-b904-2742c408a32e";"Mary Walat";"34";"7363.809997168244"
"w_4ce74212-ad7e-4108-989a-bb778afb119a";"Charles Stewart";"37";"5856.702146222097"
"w_68ce2422-e2df-42d2-b501-0225ab49eb78";"Tamara Anderson";"48";"7086.915265850565"
"w_6f87fb1f-199c-4544-90e2-bf6698995478";"Melissa Kenoyer";"26";"6048.754861762704"
"w_7722b4a8-ea96-47b2-a2c7-657177bd3da0";"August Anderson";"26";"6810.853716645187"
"w_87e3576d-f955-4e94-a0bd-0d4f7bc411b2";"Jared Coppinger";"36";"7610.588143640851"
"w_8a912f92-d7a8-4352-b86b-51cebacc1371";"Harlan Wallis";"62";"6524.795293368299"
"w_9048327b-733b-4a39-b7e8-ba7e84bf239f";"Nancy Illiano";"63";"7678.852830570874"
"w_9554573a-2db2-4db7-9359-0cd89af96a7c";"Erin Rhodes";"24";"5544.771863570531"
"w_9901a39b-f87f-43c0-a506-97854716cd60";"Sandra Norton";"18";"6113.414357871442"
"w_a283b2df-6d02-4197-b2ed-0ff13b120d03";"Jeffrey Sellers";"29";"7978.8689944442585"
"w_b5099cd3-98cc-46a9-a8c7-dd34a860b96d";"Kelly Simpson";"36";"6250.28113091397"
"w_b53b94da-ca86-4991-a04d-91118e3dde0a";"Jason White";"56";"6962.203699489378"
"w_b6a2e2db-6817-4beb-8859-598768a11d94";"Kathryn Adams";"55";"5703.3821470194935"
"w_b839a647-25eb-4e3e-9f6d-e92d5b5d09df";"Helene Wilson";"60";"6247.476204517735"
"w_b913d35d-8664-4bae-93dc-06c43d5fa769";"Melvin Fair";"52";"6595.775038311109"
"w_cbcc4e50-b51f-40a7-8c01-7fa55eb7ae77";"Jesus Taylor";"20";"8029.448762204511"
"w_cc4b9615-0f71-4e59-b24b-15c134b7c4e9";"Gerald Farnham";"38";"5729.372413013272"
"w_d0b28fe5-7717-4c51-b6fd-e1754988ea35";"Janice Dawson";"31";"6513.502659805643"
"w_d4d891c9-19ad-47a8-a223-98c292de6ff3";"Matthew Fehlinger";"41";"6595.1649303687545"
"w_d9959881-4f49-4e34-96e9-cce3558da379";"Shirley Graham";"41";"7194.558084063119"
"w_f5c7c8d0-5267-464d-8110-de0033233fa6";"Daniel Gatto";"34";"8067.977107936181"
